code,name
eu,"Basque"
hr-BA,"Croatian (Bosnia & Herzegovina)"
en-CM,"English (Cameroon)"
rw-RW,"Kinyarwanda (Rwanda)"
en-SZ,"English (Swaziland)"
tk-Latn,"Turkmen (Latin)"
he-IL,"Hebrew (Israel)"
ar,"Arabic"
uz-Arab,"Uzbek (Arabic)"
en-PN,"English (Pitcairn Islands)"
as,"Assamese"
en-NF,"English (Norfolk Island)"
rwk-TZ,"Rwa (Tanzania)"
zh-Hant-TW,"Chinese (Traditional, Taiwan)"
gsw-LI,"Swiss German (Liechtenstein)"
th-TH,"Thai (Thailand)"
ta-IN,"Tamil (India)"
es-EA,"Spanish (Ceuta & Melilla)"
fr-GF,"French (French Guiana)"
ar-001,"Arabic (World)"
en-RW,"English (Rwanda)"
tr-TR,"Turkish (Turkey)"
de-CH,"German (Switzerland)"
ee-TG,"Ewe (Togo)"
en-NG,"English (Nigeria)"
fr-TG,"French (Togo)"
az,"Azerbaijani"
fr-SC,"French (Seychelles)"
es-HN,"Spanish (Honduras)"
en-AG,"English (Antigua & Barbuda)"
ru-KZ,"Russian (Kazakhstan)"
gsw,"Swiss German"
dyo,"Jola-Fonyi"
so-ET,"Somali (Ethiopia)"
zh-Hant-MO,"Chinese (Traditional, Macau SAR China)"
de-BE,"German (Belgium)"
km-KH,"Khmer (Cambodia)"
my-MM,"Burmese (Myanmar [Burma])"
mgh-MZ,"Makhuwa-Meetto (Mozambique)"
ee-GH,"Ewe (Ghana)"
es-EC,"Spanish (Ecuador)"
kw-GB,"Cornish (United Kingdom)"
rm-CH,"Romansh (Switzerland)"
en-ME,"English (Montenegro)"
nyn,"Nyankole"
mk-MK,"Macedonian (Macedonia)"
bs-Cyrl-BA,"Bosnian (Cyrillic, Bosnia & Herzegovina)"
ar-MR,"Arabic (Mauritania)"
en-BM,"English (Bermuda)"
ms-Arab,"Malay (Arabic)"
en-AI,"English (Anguilla)"
gl-ES,"Galician (Spain)"
en-PR,"English (Puerto Rico)"
ha-Latn-GH,"Hausa (Latin, Ghana)"
ff-CM,"Fulah (Cameroon)"
ne-IN,"Nepali (India)"
or-IN,"Oriya (India)"
khq-ML,"Koyra Chiini (Mali)"
en-MG,"English (Madagascar)"
pt-TL,"Portuguese (Timor-Leste)"
en-LC,"English (St. Lucia)"
ta-SG,"Tamil (Singapore)"
jmc-TZ,"Machame (Tanzania)"
om-ET,"Oromo (Ethiopia)"
lv-LV,"Latvian (Latvia)"
es-US,"Spanish (United States)"
en-PT,"English (Portugal)"
vai-Latn-LR,"Vai (Latin, Liberia)"
en-NL,"English (Netherlands)"
iu-Cans-CA,"Inuktitut (Unified Canadian Aboriginal Syllabics, Canada)"
cgg-UG,"Chiga (Uganda)"
ta,"Tamil"
en-MH,"English (Marshall Islands)"
to-TO,"Tongan (Tonga)"
zu-ZA,"Zulu (South Africa)"
shi-Latn-MA,"Tachelhit (Latin, Morocco)"
brx-IN,"Bodo (India)"
ar-KM,"Arabic (Comoros)"
en-AL,"English (Albania)"
te,"Telugu"
chr-US,"Cherokee (United States)"
yo-BJ,"Yoruba (Benin)"
fr-VU,"French (Vanuatu)"
pa,"Punjabi"
tg,"Tajik"
ks-Arab,"Kashmiri (Arabic)"
kea,"Kabuverdianu"
ksh-DE,"Colognian (Germany)"
sw-CD,"Swahili (Congo - Kinshasa)"
th,"Thai"
te-IN,"Telugu (India)"
fr-RE,"French (Réunion)"
ur-IN,"Urdu (India)"
yo-NG,"Yoruba (Nigeria)"
ti,"Tigrinya"
guz-KE,"Gusii (Kenya)"
tk,"Turkmen"
kl-GL,"Kalaallisut (Greenland)"
ksf-CM,"Bafia (Cameroon)"
mua-CM,"Mundang (Cameroon)"
lag-TZ,"Langi (Tanzania)"
lb,"Luxembourgish"
fr-TN,"French (Tunisia)"
es-PA,"Spanish (Panama)"
pl-PL,"Polish (Poland)"
to,"Tongan"
hi-IN,"Hindi (India)"
dje-NE,"Zarma (Niger)"
es-GQ,"Spanish (Equatorial Guinea)"
kok-IN,"Konkani (India)"
pl,"Polish"
fr-GN,"French (Guinea)"
bem,"Bemba"
ha,"Hausa"
ckb,"Central Kurdish"
lg,"Ganda"
tr,"Turkish"
en-PW,"English (Palau)"
en-NO,"English (Norway)"
nyn-UG,"Nyankole (Uganda)"
sr-Latn-RS,"Serbian (Latin, Serbia)"
gsw-FR,"Swiss German (France)"
pa-Guru,"Punjabi (Gurmukhi)"
he,"Hebrew"
sn-ZW,"Shona (Zimbabwe)"
qu-BO,"Quechua (Bolivia)"
lu-CD,"Luba-Katanga (Congo - Kinshasa)"
mgo-CM,"Metaʼ (Cameroon)"
ps-AF,"Pashto (Afghanistan)"
en-BS,"English (Bahamas)"
ug-Arab,"Uyghur (Arabic)"
da,"Danish"
ms-Latn-SG,"Malay (Latin, Singapore)"
ps,"Pashto"
ln,"Lingala"
pt,"Portuguese"
iu-Cans,"Inuktitut (Unified Canadian Aboriginal Syllabics)"
hi,"Hindi"
lo,"Lao"
ebu,"Embu"
de,"German"
gu-IN,"Gujarati (India)"
seh,"Sena"
en-CX,"English (Christmas Island)"
en-ZM,"English (Zambia)"
tzm-Latn-MA,"Central Atlas Tamazight (Latin, Morocco)"
fr-HT,"French (Haiti)"
fr-GP,"French (Guadeloupe)"
lt,"Lithuanian"
lu,"Luba-Katanga"
ln-CD,"Lingala (Congo - Kinshasa)"
vai-Latn,"Vai (Latin)"
el-GR,"Greek (Greece)"
lv,"Latvian"
en-KE,"English (Kenya)"
sbp,"Sangu"
hr,"Croatian"
en-CY,"English (Cyprus)"
es-GT,"Spanish (Guatemala)"
twq-NE,"Tasawaq (Niger)"
zh-Hant-HK,"Chinese (Traditional, Hong Kong SAR China)"
kln-KE,"Kalenjin (Kenya)"
fr-GQ,"French (Equatorial Guinea)"
chr,"Cherokee"
hu,"Hungarian"
es-UY,"Spanish (Uruguay)"
fr-CA,"French (Canada)"
en-NR,"English (Nauru)"
mer,"Meru"
shi,"Tachelhit"
es-PE,"Spanish (Peru)"
fr-SN,"French (Senegal)"
bez,"Bena"
sw-TZ,"Swahili (Tanzania)"
wae-CH,"Walser (Switzerland)"
kkj,"Kako"
hy,"Armenian"
kk-Cyrl-KZ,"Kazakh (Cyrillic, Kazakhstan)"
en-CZ,"English (Czech Republic)"
teo-KE,"Teso (Kenya)"
teo,"Teso"
dz-BT,"Dzongkha (Bhutan)"
ar-JO,"Arabic (Jordan)"
mer-KE,"Meru (Kenya)"
khq,"Koyra Chiini"
ln-CF,"Lingala (Central African Republic)"
nn-NO,"Norwegian Nynorsk (Norway)"
en-MO,"English (Macau SAR China)"
ar-TD,"Arabic (Chad)"
dz,"Dzongkha"
ses,"Koyraboro Senni"
en-BW,"English (Botswana)"
en-AS,"English (American Samoa)"
ar-IL,"Arabic (Israel)"
ms-Latn-BN,"Malay (Latin, Brunei)"
bo-CN,"Tibetan (China)"
nnh,"Ngiemboon"
teo-UG,"Teso (Uganda)"
hy-AM,"Armenian (Armenia)"
ln-CG,"Lingala (Congo - Brazzaville)"
sr-Latn-BA,"Serbian (Latin, Bosnia & Herzegovina)"
en-MP,"English (Northern Mariana Islands)"
ksb-TZ,"Shambala (Tanzania)"
ar-SA,"Arabic (Saudi Arabia)"
smn-FI,"Inari Sami (Finland)"
ar-LY,"Arabic (Libya)"
en-AT,"English (Austria)"
so-KE,"Somali (Kenya)"
fr-CD,"French (Congo - Kinshasa)"
af-NA,"Afrikaans (Namibia)"
en-NU,"English (Niue)"
es-PH,"Spanish (Philippines)"
en-KI,"English (Kiribati)"
en-JE,"English (Jersey)"
lkt,"Lakota"
en-AU,"English (Australia)"
fa-IR,"Persian (Iran)"
ky-Cyrl,"Kyrgyz (Cyrillic)"
uz-Latn-UZ,"Uzbek (Latin, Uzbekistan)"
zh-Hans-CN,"Chinese (Simplified, China)"
ewo-CM,"Ewondo (Cameroon)"
fr-PF,"French (French Polynesia)"
ca-IT,"Catalan (Italy)"
en-BZ,"English (Belize)"
ar-KW,"Arabic (Kuwait)"
pt-GW,"Portuguese (Guinea-Bissau)"
fr-FR,"French (France)"
am-ET,"Amharic (Ethiopia)"
en-VC,"English (St. Vincent & Grenadines)"
fr-DJ,"French (Djibouti)"
fr-CF,"French (Central African Republic)"
es-SV,"Spanish (El Salvador)"
en-MS,"English (Montserrat)"
pt-ST,"Portuguese (São Tomé & Príncipe)"
ar-SD,"Arabic (Sudan)"
luy-KE,"Luyia (Kenya)"
gd-GB,"Scottish Gaelic (United Kingdom)"
de-LI,"German (Liechtenstein)"
fr-CG,"French (Congo - Brazzaville)"
ckb-IQ,"Central Kurdish (Iraq)"
zh-Hans-SG,"Chinese (Simplified, Singapore)"
en-MT,"English (Malta)"
ewo,"Ewondo"
af-ZA,"Afrikaans (South Africa)"
os-GE,"Ossetic (Georgia)"
om-KE,"Oromo (Kenya)"
nl-SR,"Dutch (Suriname)"
es-ES,"Spanish (Spain)"
es-DO,"Spanish (Dominican Republic)"
ar-IQ,"Arabic (Iraq)"
fr-CH,"French (Switzerland)"
nnh-CM,"Ngiemboon (Cameroon)"
es-419,"Spanish (Latin America)"
en-MU,"English (Mauritius)"
bm-Latn,"Bambara (Latin)"
en-US-POSIX,"English (United States, Computer)"
yav-CM,"Yangben (Cameroon)"
luo-KE,"Luo (Kenya)"
dua-CM,"Duala (Cameroon)"
et-EE,"Estonian (Estonia)"
en-IE,"English (Ireland)"
ak-GH,"Akan (Ghana)"
rwk,"Rwa"
es-CL,"Spanish (Chile)"
kea-CV,"Kabuverdianu (Cape Verde)"
fr-CI,"French (Côte d’Ivoire)"
ckb-IR,"Central Kurdish (Iran)"
fr-BE,"French (Belgium)"
se,"Northern Sami"
en-NZ,"English (New Zealand)"
ky-Cyrl-KG,"Kyrgyz (Cyrillic, Kyrgyzstan)"
en-LR,"English (Liberia)"
en-KN,"English (St. Kitts & Nevis)"
nb-SJ,"Norwegian Bokmål (Svalbard & Jan Mayen)"
sg,"Sango"
sr-Cyrl-RS,"Serbian (Cyrillic, Serbia)"
ru-RU,"Russian (Russia)"
en-ZW,"English (Zimbabwe)"
sv-AX,"Swedish (Åland Islands)"
si,"Sinhala"
ga-IE,"Irish (Ireland)"
en-VG,"English (British Virgin Islands)"
ff-MR,"Fulah (Mauritania)"
sk,"Slovak"
agq-CM,"Aghem (Cameroon)"
fr-BF,"French (Burkina Faso)"
naq-NA,"Nama (Namibia)"
sl,"Slovenian"
en-MW,"English (Malawi)"
mr-IN,"Marathi (India)"
az-Latn,"Azerbaijani (Latin)"
en-LS,"English (Lesotho)"
de-AT,"German (Austria)"
ka,"Georgian"
sn,"Shona"
sr-Latn-ME,"Serbian (Latin, Montenegro)"
fr-NC,"French (New Caledonia)"
so,"Somali"
is-IS,"Icelandic (Iceland)"
twq,"Tasawaq"
ig-NG,"Igbo (Nigeria)"
sq,"Albanian"
fo-FO,"Faroese (Faroe Islands)"
sr,"Serbian"
tzm,"Central Atlas Tamazight"
ga,"Irish"
om,"Oromo"
en-LT,"English (Lithuania)"
bas-CM,"Basaa (Cameroon)"
se-NO,"Northern Sami (Norway)"
ki,"Kikuyu"
nl-BE,"Dutch (Belgium)"
ar-QA,"Arabic (Qatar)"
gd,"Scottish Gaelic"
sv,"Swedish"
kk,"Kazakh"
sw,"Swahili"
es-CO,"Spanish (Colombia)"
az-Latn-AZ,"Azerbaijani (Latin, Azerbaijan)"
rn-BI,"Rundi (Burundi)"
or,"Oriya"
kl,"Kalaallisut"
ca,"Catalan"
en-VI,"English (U.S. Virgin Islands)"
km,"Khmer"
os,"Ossetic"
en-MY,"English (Malaysia)"
kn,"Kannada"
en-LU,"English (Luxembourg)"
fr-SY,"French (Syria)"
ar-TN,"Arabic (Tunisia)"
en-JM,"English (Jamaica)"
fr-PM,"French (St. Pierre & Miquelon)"
ko,"Korean"
fr-NE,"French (Niger)"
fr-MA,"French (Morocco)"
gl,"Galician"
ru-MD,"Russian (Moldova)"
saq-KE,"Samburu (Kenya)"
ks,"Kashmiri"
fr-CM,"French (Cameroon)"
lb-LU,"Luxembourgish (Luxembourg)"
gv-IM,"Manx (Isle of Man)"
fr-BI,"French (Burundi)"
en-LV,"English (Latvia)"
ks-Arab-IN,"Kashmiri (Arabic, India)"
es-NI,"Spanish (Nicaragua)"
en-GB,"English (United Kingdom)"
kw,"Cornish"
nl-SX,"Dutch (Sint Maarten)"
dav-KE,"Taita (Kenya)"
tr-CY,"Turkish (Cyprus)"
ky,"Kyrgyz"
en-UG,"English (Uganda)"
nus-SD,"Nuer (Sudan)"
en-TC,"English (Turks & Caicos Islands)"
tzm-Latn,"Central Atlas Tamazight (Latin)"
ar-EG,"Arabic (Egypt)"
fr-BJ,"French (Benin)"
gu,"Gujarati"
es-PR,"Spanish (Puerto Rico)"
fr-RW,"French (Rwanda)"
sr-Cyrl-BA,"Serbian (Cyrillic, Bosnia & Herzegovina)"
gv,"Manx"
fr-MC,"French (Monaco)"
cs,"Czech"
bez-TZ,"Bena (Tanzania)"
es-CR,"Spanish (Costa Rica)"
asa-TZ,"Asu (Tanzania)"
ar-EH,"Arabic (Western Sahara)"
ms-Arab-BN,"Malay (Arabic, Brunei)"
mn-Cyrl,"Mongolian (Cyrillic)"
sbp-TZ,"Sangu (Tanzania)"
en-IL,"English (Israel)"
ha-Latn-NE,"Hausa (Latin, Niger)"
lt-LT,"Lithuanian (Lithuania)"
mfe,"Morisyen"
en-GD,"English (Grenada)"
cy,"Welsh"
ca-FR,"Catalan (France)"
es-BO,"Spanish (Bolivia)"
fr-BL,"French (St. Barthélemy)"
bn-IN,"Bengali (India)"
uz-Cyrl-UZ,"Uzbek (Cyrillic, Uzbekistan)"
az-Cyrl,"Azerbaijani (Cyrillic)"
en-IM,"English (Isle of Man)"
sw-KE,"Swahili (Kenya)"
en-SB,"English (Solomon Islands)"
pa-Arab,"Punjabi (Arabic)"
ur-PK,"Urdu (Pakistan)"
haw-US,"Hawaiian (United States)"
ar-SO,"Arabic (Somalia)"
en-IN,"English (India)"
ha-Latn,"Hausa (Latin)"
fil,"Filipino"
fr-MF,"French (St. Martin)"
en-WS,"English (Samoa)"
es-CU,"Spanish (Cuba)"
ja-JP,"Japanese (Japan)"
fy-NL,"Western Frisian (Netherlands)"
en-SC,"English (Seychelles)"
en-IO,"English (British Indian Ocean Territory)"
pt-PT,"Portuguese (Portugal)"
en-HK,"English (Hong Kong SAR China)"
en-GG,"English (Guernsey)"
fr-MG,"French (Madagascar)"
de-LU,"German (Luxembourg)"
ms-Latn-MY,"Malay (Latin, Malaysia)"
tg-Cyrl,"Tajik (Cyrillic)"
en-SD,"English (Sudan)"
shi-Tfng,"Tachelhit (Tifinagh)"
ln-AO,"Lingala (Angola)"
ug-Arab-CN,"Uyghur (Arabic, China)"
as-IN,"Assamese (India)"
en-GH,"English (Ghana)"
ro-RO,"Romanian (Romania)"
jgo-CM,"Ngomba (Cameroon)"
dua,"Duala"
en-UM,"English (U.S. Outlying Islands)"
en-SE,"English (Sweden)"
kn-IN,"Kannada (India)"
en-KY,"English (Cayman Islands)"
vun-TZ,"Vunjo (Tanzania)"
kln,"Kalenjin"
en-GI,"English (Gibraltar)"
ca-ES,"Catalan (Spain)"
rof,"Rombo"
pt-CV,"Portuguese (Cape Verde)"
kok,"Konkani"
pt-BR,"Portuguese (Brazil)"
ar-DJ,"Arabic (Djibouti)"
yi-001,"Yiddish (World)"
fi-FI,"Finnish (Finland)"
tg-Cyrl-TJ,"Tajik (Cyrillic, Tajikistan)"
zh,"Chinese"
es-PY,"Spanish (Paraguay)"
ar-SS,"Arabic (South Sudan)"
mua,"Mundang"
sr-Cyrl-ME,"Serbian (Cyrillic, Montenegro)"
vai-Vaii-LR,"Vai (Vai, Liberia)"
en-001,"English (World)"
nl-NL,"Dutch (Netherlands)"
en-TK,"English (Tokelau)"
si-LK,"Sinhala (Sri Lanka)"
en-SG,"English (Singapore)"
sv-SE,"Swedish (Sweden)"
fr-DZ,"French (Algeria)"
ca-AD,"Catalan (Andorra)"
pt-AO,"Portuguese (Angola)"
vi,"Vietnamese"
xog-UG,"Soga (Uganda)"
xog,"Soga"
en-IS,"English (Iceland)"
nb,"Norwegian Bokmål"
seh-MZ,"Sena (Mozambique)"
es-AR,"Spanish (Argentina)"
sk-SK,"Slovak (Slovakia)"
en-SH,"English (St. Helena)"
ti-ER,"Tigrinya (Eritrea)"
nd,"North Ndebele"
az-Cyrl-AZ,"Azerbaijani (Cyrillic, Azerbaijan)"
zu,"Zulu"
ne,"Nepali"
nd-ZW,"North Ndebele (Zimbabwe)"
el-CY,"Greek (Cyprus)"
en-IT,"English (Italy)"
nl-BQ,"Dutch (Caribbean Netherlands)"
da-GL,"Danish (Greenland)"
ja,"Japanese"
rm,"Romansh"
fr-ML,"French (Mali)"
rn,"Rundi"
en-VU,"English (Vanuatu)"
rof-TZ,"Rombo (Tanzania)"
ro,"Romanian"
ebu-KE,"Embu (Kenya)"
ru-KG,"Russian (Kyrgyzstan)"
en-SI,"English (Slovenia)"
sg-CF,"Sango (Central African Republic)"
mfe-MU,"Morisyen (Mauritius)"
nl,"Dutch"
brx,"Bodo"
bs-Latn,"Bosnian (Latin)"
fa,"Persian"
zgh-MA,"Standard Moroccan Tamazight (Morocco)"
en-GM,"English (Gambia)"
shi-Latn,"Tachelhit (Latin)"
en-FI,"English (Finland)"
nn,"Norwegian Nynorsk"
en-EE,"English (Estonia)"
ru,"Russian"
kam-KE,"Kamba (Kenya)"
fur,"Friulian"
vai-Vaii,"Vai (Vai)"
ar-ER,"Arabic (Eritrea)"
ti-ET,"Tigrinya (Ethiopia)"
rw,"Kinyarwanda"
ff,"Fulah"
luo,"Luo"
fa-AF,"Persian (Afghanistan)"
ha-Latn-NG,"Hausa (Latin, Nigeria)"
nl-CW,"Dutch (Curaçao)"
en-HR,"English (Croatia)"
en-FJ,"English (Fiji)"
fi,"Finnish"
pt-MO,"Portuguese (Macau SAR China)"
be,"Belarusian"
en-US,"English (United States)"
en-TO,"English (Tonga)"
en-SK,"English (Slovakia)"
bg,"Bulgarian"
ru-BY,"Russian (Belarus)"
it-IT,"Italian (Italy)"
ml-IN,"Malayalam (India)"
gsw-CH,"Swiss German (Switzerland)"
qu-EC,"Quechua (Ecuador)"
fo,"Faroese"
sv-FI,"Swedish (Finland)"
en-FK,"English (Falkland Islands)"
nus,"Nuer"
ta-LK,"Tamil (Sri Lanka)"
vun,"Vunjo"
sr-Latn,"Serbian (Latin)"
fr,"French"
en-SL,"English (Sierra Leone)"
bm,"Bambara"
ar-BH,"Arabic (Bahrain)"
guz,"Gusii"
bn,"Bengali"
bo,"Tibetan"
ar-SY,"Arabic (Syria)"
lo-LA,"Lao (Laos)"
ne-NP,"Nepali (Nepal)"
uz-Latn,"Uzbek (Latin)"
be-BY,"Belarusian (Belarus)"
es-IC,"Spanish (Canary Islands)"
sr-Latn-XK,"Serbian (Latin, Kosovo)"
ar-MA,"Arabic (Morocco)"
pa-Guru-IN,"Punjabi (Gurmukhi, India)"
br,"Breton"
luy,"Luyia"
kde-TZ,"Makonde (Tanzania)"
bs,"Bosnian"
fy,"Western Frisian"
fur-IT,"Friulian (Italy)"
hu-HU,"Hungarian (Hungary)"
ar-AE,"Arabic (United Arab Emirates)"
en-HU,"English (Hungary)"
sah-RU,"Sakha (Russia)"
zh-Hans,"Chinese (Simplified)"
en-FM,"English (Micronesia)"
sq-AL,"Albanian (Albania)"
ko-KP,"Korean (North Korea)"
en-150,"English (Europe)"
en-DE,"English (Germany)"
fr-MQ,"French (Martinique)"
en-CA,"English (Canada)"
hsb-DE,"Upper Sorbian (Germany)"
en-TR,"English (Turkey)"
ro-MD,"Romanian (Moldova)"
es-VE,"Spanish (Venezuela)"
fr-WF,"French (Wallis & Futuna)"
mt-MT,"Maltese (Malta)"
kab,"Kabyle"
nmg-CM,"Kwasio (Cameroon)"
en-GR,"English (Greece)"
ru-UA,"Russian (Ukraine)"
fr-MR,"French (Mauritania)"
tk-Latn-TM,"Turkmen (Latin, Turkmenistan)"
zh-Hans-MO,"Chinese (Simplified, Macau SAR China)"
mn-Cyrl-MN,"Mongolian (Cyrillic, Mongolia)"
ff-GN,"Fulah (Guinea)"
bs-Cyrl,"Bosnian (Cyrillic)"
sw-UG,"Swahili (Uganda)"
ko-KR,"Korean (South Korea)"
en-DG,"English (Diego Garcia)"
bo-IN,"Tibetan (India)"
en-CC,"English (Cocos [Keeling] Islands)"
shi-Tfng-MA,"Tachelhit (Tifinagh, Morocco)"
lag,"Langi"
it-SM,"Italian (San Marino)"
os-RU,"Ossetic (Russia)"
en-TT,"English (Trinidad & Tobago)"
ms-Arab-MY,"Malay (Arabic, Malaysia)"
sq-MK,"Albanian (Macedonia)"
ms-Latn,"Malay (Latin)"
bem-ZM,"Bemba (Zambia)"
kde,"Makonde"
ar-OM,"Arabic (Oman)"
cgg,"Chiga"
bas,"Basaa"
bm-Latn-ML,"Bambara (Latin, Mali)"
kam,"Kamba"
es-MX,"Spanish (Mexico)"
sah,"Sakha"
wae,"Walser"
en-GU,"English (Guam)"
zh-Hant,"Chinese (Traditional)"
fr-MU,"French (Mauritius)"
fr-KM,"French (Comoros)"
ar-LB,"Arabic (Lebanon)"
en-BA,"English (Bosnia & Herzegovina)"
en-TV,"English (Tuvalu)"
sr-Cyrl,"Serbian (Cyrillic)"
dje,"Zarma"
kab-DZ,"Kabyle (Algeria)"
fil-PH,"Filipino (Philippines)"
se-SE,"Northern Sami (Sweden)"
vai,"Vai"
hr-HR,"Croatian (Croatia)"
bs-Latn-BA,"Bosnian (Latin, Bosnia & Herzegovina)"
nl-AW,"Dutch (Aruba)"
dav,"Taita"
so-SO,"Somali (Somalia)"
ar-PS,"Arabic (Palestinian Territories)"
en-FR,"English (France)"
uz-Cyrl,"Uzbek (Cyrillic)"
ff-SN,"Fulah (Senegal)"
en-BB,"English (Barbados)"
ki-KE,"Kikuyu (Kenya)"
naq,"Nama"
en-SS,"English (South Sudan)"
mg-MG,"Malagasy (Madagascar)"
mas-KE,"Masai (Kenya)"
en-RO,"English (Romania)"
en-PG,"English (Papua New Guinea)"
mgh,"Makhuwa-Meetto"
dyo-SN,"Jola-Fonyi (Senegal)"
mas,"Masai"
agq,"Aghem"
bn-BD,"Bengali (Bangladesh)"
haw,"Hawaiian"
yi,"Yiddish"
nb-NO,"Norwegian Bokmål (Norway)"
da-DK,"Danish (Denmark)"
en-DK,"English (Denmark)"
saq,"Samburu"
ug,"Uyghur"
cy-GB,"Welsh (United Kingdom)"
fr-YT,"French (Mayotte)"
jmc,"Machame"
ses-ML,"Koyraboro Senni (Mali)"
en-PH,"English (Philippines)"
de-DE,"German (Germany)"
ar-YE,"Arabic (Yemen)"
yo,"Yoruba"
lkt-US,"Lakota (United States)"
uz-Arab-AF,"Uzbek (Arabic, Afghanistan)"
jgo,"Ngomba"
sl-SI,"Slovenian (Slovenia)"
uk,"Ukrainian"
en-CH,"English (Switzerland)"
asa,"Asu"
lg-UG,"Ganda (Uganda)"
qu-PE,"Quechua (Peru)"
mgo,"Metaʼ"
id-ID,"Indonesian (Indonesia)"
en-NA,"English (Namibia)"
en-GY,"English (Guyana)"
zgh,"Standard Moroccan Tamazight"
pt-MZ,"Portuguese (Mozambique)"
fr-LU,"French (Luxembourg)"
kk-Cyrl,"Kazakh (Cyrillic)"
mas-TZ,"Masai (Tanzania)"
en-DM,"English (Dominica)"
ta-MY,"Tamil (Malaysia)"
dsb,"Lower Sorbian"
en-BE,"English (Belgium)"
mg,"Malagasy"
ur,"Urdu"
fr-GA,"French (Gabon)"
ka-GE,"Georgian (Georgia)"
nmg,"Kwasio"
en-TZ,"English (Tanzania)"
eu-ES,"Basque (Spain)"
ar-DZ,"Arabic (Algeria)"
id,"Indonesian"
so-DJ,"Somali (Djibouti)"
hsb,"Upper Sorbian"
yav,"Yangben"
mk,"Macedonian"
pa-Arab-PK,"Punjabi (Arabic, Pakistan)"
ml,"Malayalam"
en-ER,"English (Eritrea)"
ig,"Igbo"
se-FI,"Northern Sami (Finland)"
mn,"Mongolian"
ksb,"Shambala"
uz,"Uzbek"
vi-VN,"Vietnamese (Vietnam)"
ii,"Sichuan Yi"
qu,"Quechua"
en-PK,"English (Pakistan)"
ee,"Ewe"
mr,"Marathi"
ms,"Malay"
en-ES,"English (Spain)"
sq-XK,"Albanian (Kosovo)"
it-CH,"Italian (Switzerland)"
mt,"Maltese"
en-CK,"English (Cook Islands)"
br-FR,"Breton (France)"
sr-Cyrl-XK,"Serbian (Cyrillic, Kosovo)"
ksf,"Bafia"
en-SX,"English (Sint Maarten)"
bg-BG,"Bulgarian (Bulgaria)"
en-PL,"English (Poland)"
af,"Afrikaans"
el,"Greek"
cs-CZ,"Czech (Czech Republic)"
fr-TD,"French (Chad)"
zh-Hans-HK,"Chinese (Simplified, Hong Kong SAR China)"
is,"Icelandic"
ksh,"Colognian"
my,"Burmese"
en,"English"
it,"Italian"
dsb-DE,"Lower Sorbian (Germany)"
ii-CN,"Sichuan Yi (China)"
smn,"Inari Sami"
iu,"Inuktitut"
eo,"Esperanto"
en-ZA,"English (South Africa)"
en-AD,"English (Andorra)"
ak,"Akan"
en-RU,"English (Russia)"
kkj-CM,"Kako (Cameroon)"
am,"Amharic"
es,"Spanish"
et,"Estonian"
uk-UA,"Ukrainian (Ukraine)"
eu,"Basque"
hr_BA,"Croatian (Bosnia & Herzegovina)"
en_CM,"English (Cameroon)"
rw_RW,"Kinyarwanda (Rwanda)"
en_SZ,"English (Swaziland)"
tk_Latn,"Turkmen (Latin)"
he_IL,"Hebrew (Israel)"
ar,"Arabic"
uz_Arab,"Uzbek (Arabic)"
en_PN,"English (Pitcairn Islands)"
as,"Assamese"
en_NF,"English (Norfolk Island)"
rwk_TZ,"Rwa (Tanzania)"
zh_Hant_TW,"Chinese (Traditional, Taiwan)"
gsw_LI,"Swiss German (Liechtenstein)"
th_TH,"Thai (Thailand)"
ta_IN,"Tamil (India)"
es_EA,"Spanish (Ceuta & Melilla)"
fr_GF,"French (French Guiana)"
ar_001,"Arabic (World)"
en_RW,"English (Rwanda)"
tr_TR,"Turkish (Turkey)"
de_CH,"German (Switzerland)"
ee_TG,"Ewe (Togo)"
en_NG,"English (Nigeria)"
fr_TG,"French (Togo)"
az,"Azerbaijani"
fr_SC,"French (Seychelles)"
es_HN,"Spanish (Honduras)"
en_AG,"English (Antigua & Barbuda)"
ru_KZ,"Russian (Kazakhstan)"
gsw,"Swiss German"
dyo,"Jola_Fonyi"
so_ET,"Somali (Ethiopia)"
zh_Hant_MO,"Chinese (Traditional, Macau SAR China)"
de_BE,"German (Belgium)"
km_KH,"Khmer (Cambodia)"
my_MM,"Burmese (Myanmar [Burma])"
mgh_MZ,"Makhuwa_Meetto (Mozambique)"
ee_GH,"Ewe (Ghana)"
es_EC,"Spanish (Ecuador)"
kw_GB,"Cornish (United Kingdom)"
rm_CH,"Romansh (Switzerland)"
en_ME,"English (Montenegro)"
nyn,"Nyankole"
mk_MK,"Macedonian (Macedonia)"
bs_Cyrl_BA,"Bosnian (Cyrillic, Bosnia & Herzegovina)"
ar_MR,"Arabic (Mauritania)"
en_BM,"English (Bermuda)"
ms_Arab,"Malay (Arabic)"
en_AI,"English (Anguilla)"
gl_ES,"Galician (Spain)"
en_PR,"English (Puerto Rico)"
ha_Latn_GH,"Hausa (Latin, Ghana)"
ff_CM,"Fulah (Cameroon)"
ne_IN,"Nepali (India)"
or_IN,"Oriya (India)"
khq_ML,"Koyra Chiini (Mali)"
en_MG,"English (Madagascar)"
pt_TL,"Portuguese (Timor_Leste)"
en_LC,"English (St. Lucia)"
ta_SG,"Tamil (Singapore)"
jmc_TZ,"Machame (Tanzania)"
om_ET,"Oromo (Ethiopia)"
lv_LV,"Latvian (Latvia)"
es_US,"Spanish (United States)"
en_PT,"English (Portugal)"
vai_Latn_LR,"Vai (Latin, Liberia)"
en_NL,"English (Netherlands)"
iu_Cans_CA,"Inuktitut (Unified Canadian Aboriginal Syllabics, Canada)"
cgg_UG,"Chiga (Uganda)"
ta,"Tamil"
en_MH,"English (Marshall Islands)"
to_TO,"Tongan (Tonga)"
zu_ZA,"Zulu (South Africa)"
shi_Latn_MA,"Tachelhit (Latin, Morocco)"
brx_IN,"Bodo (India)"
ar_KM,"Arabic (Comoros)"
en_AL,"English (Albania)"
te,"Telugu"
chr_US,"Cherokee (United States)"
yo_BJ,"Yoruba (Benin)"
fr_VU,"French (Vanuatu)"
pa,"Punjabi"
tg,"Tajik"
ks_Arab,"Kashmiri (Arabic)"
kea,"Kabuverdianu"
ksh_DE,"Colognian (Germany)"
sw_CD,"Swahili (Congo _ Kinshasa)"
th,"Thai"
te_IN,"Telugu (India)"
fr_RE,"French (Réunion)"
ur_IN,"Urdu (India)"
yo_NG,"Yoruba (Nigeria)"
ti,"Tigrinya"
guz_KE,"Gusii (Kenya)"
tk,"Turkmen"
kl_GL,"Kalaallisut (Greenland)"
ksf_CM,"Bafia (Cameroon)"
mua_CM,"Mundang (Cameroon)"
lag_TZ,"Langi (Tanzania)"
lb,"Luxembourgish"
fr_TN,"French (Tunisia)"
es_PA,"Spanish (Panama)"
pl_PL,"Polish (Poland)"
to,"Tongan"
hi_IN,"Hindi (India)"
dje_NE,"Zarma (Niger)"
es_GQ,"Spanish (Equatorial Guinea)"
kok_IN,"Konkani (India)"
pl,"Polish"
fr_GN,"French (Guinea)"
bem,"Bemba"
ha,"Hausa"
ckb,"Central Kurdish"
lg,"Ganda"
tr,"Turkish"
en_PW,"English (Palau)"
en_NO,"English (Norway)"
nyn_UG,"Nyankole (Uganda)"
sr_Latn_RS,"Serbian (Latin, Serbia)"
gsw_FR,"Swiss German (France)"
pa_Guru,"Punjabi (Gurmukhi)"
he,"Hebrew"
sn_ZW,"Shona (Zimbabwe)"
qu_BO,"Quechua (Bolivia)"
lu_CD,"Luba_Katanga (Congo _ Kinshasa)"
mgo_CM,"Metaʼ (Cameroon)"
ps_AF,"Pashto (Afghanistan)"
en_BS,"English (Bahamas)"
ug_Arab,"Uyghur (Arabic)"
da,"Danish"
ms_Latn_SG,"Malay (Latin, Singapore)"
ps,"Pashto"
ln,"Lingala"
pt,"Portuguese"
iu_Cans,"Inuktitut (Unified Canadian Aboriginal Syllabics)"
hi,"Hindi"
lo,"Lao"
ebu,"Embu"
de,"German"
gu_IN,"Gujarati (India)"
seh,"Sena"
en_CX,"English (Christmas Island)"
en_ZM,"English (Zambia)"
tzm_Latn_MA,"Central Atlas Tamazight (Latin, Morocco)"
fr_HT,"French (Haiti)"
fr_GP,"French (Guadeloupe)"
lt,"Lithuanian"
lu,"Luba_Katanga"
ln_CD,"Lingala (Congo _ Kinshasa)"
vai_Latn,"Vai (Latin)"
el_GR,"Greek (Greece)"
lv,"Latvian"
en_KE,"English (Kenya)"
sbp,"Sangu"
hr,"Croatian"
en_CY,"English (Cyprus)"
es_GT,"Spanish (Guatemala)"
twq_NE,"Tasawaq (Niger)"
zh_Hant_HK,"Chinese (Traditional, Hong Kong SAR China)"
kln_KE,"Kalenjin (Kenya)"
fr_GQ,"French (Equatorial Guinea)"
chr,"Cherokee"
hu,"Hungarian"
es_UY,"Spanish (Uruguay)"
fr_CA,"French (Canada)"
en_NR,"English (Nauru)"
mer,"Meru"
shi,"Tachelhit"
es_PE,"Spanish (Peru)"
fr_SN,"French (Senegal)"
bez,"Bena"
sw_TZ,"Swahili (Tanzania)"
wae_CH,"Walser (Switzerland)"
kkj,"Kako"
hy,"Armenian"
kk_Cyrl_KZ,"Kazakh (Cyrillic, Kazakhstan)"
en_CZ,"English (Czech Republic)"
teo_KE,"Teso (Kenya)"
teo,"Teso"
dz_BT,"Dzongkha (Bhutan)"
ar_JO,"Arabic (Jordan)"
mer_KE,"Meru (Kenya)"
khq,"Koyra Chiini"
ln_CF,"Lingala (Central African Republic)"
nn_NO,"Norwegian Nynorsk (Norway)"
en_MO,"English (Macau SAR China)"
ar_TD,"Arabic (Chad)"
dz,"Dzongkha"
ses,"Koyraboro Senni"
en_BW,"English (Botswana)"
en_AS,"English (American Samoa)"
ar_IL,"Arabic (Israel)"
ms_Latn_BN,"Malay (Latin, Brunei)"
bo_CN,"Tibetan (China)"
nnh,"Ngiemboon"
teo_UG,"Teso (Uganda)"
hy_AM,"Armenian (Armenia)"
ln_CG,"Lingala (Congo _ Brazzaville)"
sr_Latn_BA,"Serbian (Latin, Bosnia & Herzegovina)"
en_MP,"English (Northern Mariana Islands)"
ksb_TZ,"Shambala (Tanzania)"
ar_SA,"Arabic (Saudi Arabia)"
smn_FI,"Inari Sami (Finland)"
ar_LY,"Arabic (Libya)"
en_AT,"English (Austria)"
so_KE,"Somali (Kenya)"
fr_CD,"French (Congo _ Kinshasa)"
af_NA,"Afrikaans (Namibia)"
en_NU,"English (Niue)"
es_PH,"Spanish (Philippines)"
en_KI,"English (Kiribati)"
en_JE,"English (Jersey)"
lkt,"Lakota"
en_AU,"English (Australia)"
fa_IR,"Persian (Iran)"
ky_Cyrl,"Kyrgyz (Cyrillic)"
uz_Latn_UZ,"Uzbek (Latin, Uzbekistan)"
zh_Hans_CN,"Chinese (Simplified, China)"
ewo_CM,"Ewondo (Cameroon)"
fr_PF,"French (French Polynesia)"
ca_IT,"Catalan (Italy)"
en_BZ,"English (Belize)"
ar_KW,"Arabic (Kuwait)"
pt_GW,"Portuguese (Guinea_Bissau)"
fr_FR,"French (France)"
am_ET,"Amharic (Ethiopia)"
en_VC,"English (St. Vincent & Grenadines)"
fr_DJ,"French (Djibouti)"
fr_CF,"French (Central African Republic)"
es_SV,"Spanish (El Salvador)"
en_MS,"English (Montserrat)"
pt_ST,"Portuguese (São Tomé & Príncipe)"
ar_SD,"Arabic (Sudan)"
luy_KE,"Luyia (Kenya)"
gd_GB,"Scottish Gaelic (United Kingdom)"
de_LI,"German (Liechtenstein)"
fr_CG,"French (Congo _ Brazzaville)"
ckb_IQ,"Central Kurdish (Iraq)"
zh_Hans_SG,"Chinese (Simplified, Singapore)"
en_MT,"English (Malta)"
ewo,"Ewondo"
af_ZA,"Afrikaans (South Africa)"
os_GE,"Ossetic (Georgia)"
om_KE,"Oromo (Kenya)"
nl_SR,"Dutch (Suriname)"
es_ES,"Spanish (Spain)"
es_DO,"Spanish (Dominican Republic)"
ar_IQ,"Arabic (Iraq)"
fr_CH,"French (Switzerland)"
nnh_CM,"Ngiemboon (Cameroon)"
es_419,"Spanish (Latin America)"
en_MU,"English (Mauritius)"
bm_Latn,"Bambara (Latin)"
en_US_POSIX,"English (United States, Computer)"
yav_CM,"Yangben (Cameroon)"
luo_KE,"Luo (Kenya)"
dua_CM,"Duala (Cameroon)"
et_EE,"Estonian (Estonia)"
en_IE,"English (Ireland)"
ak_GH,"Akan (Ghana)"
rwk,"Rwa"
es_CL,"Spanish (Chile)"
kea_CV,"Kabuverdianu (Cape Verde)"
fr_CI,"French (Côte d’Ivoire)"
ckb_IR,"Central Kurdish (Iran)"
fr_BE,"French (Belgium)"
se,"Northern Sami"
en_NZ,"English (New Zealand)"
ky_Cyrl_KG,"Kyrgyz (Cyrillic, Kyrgyzstan)"
en_LR,"English (Liberia)"
en_KN,"English (St. Kitts & Nevis)"
nb_SJ,"Norwegian Bokmål (Svalbard & Jan Mayen)"
sg,"Sango"
sr_Cyrl_RS,"Serbian (Cyrillic, Serbia)"
ru_RU,"Russian (Russia)"
en_ZW,"English (Zimbabwe)"
sv_AX,"Swedish (Åland Islands)"
si,"Sinhala"
ga_IE,"Irish (Ireland)"
en_VG,"English (British Virgin Islands)"
ff_MR,"Fulah (Mauritania)"
sk,"Slovak"
agq_CM,"Aghem (Cameroon)"
fr_BF,"French (Burkina Faso)"
naq_NA,"Nama (Namibia)"
sl,"Slovenian"
en_MW,"English (Malawi)"
mr_IN,"Marathi (India)"
az_Latn,"Azerbaijani (Latin)"
en_LS,"English (Lesotho)"
de_AT,"German (Austria)"
ka,"Georgian"
sn,"Shona"
sr_Latn_ME,"Serbian (Latin, Montenegro)"
fr_NC,"French (New Caledonia)"
so,"Somali"
is_IS,"Icelandic (Iceland)"
twq,"Tasawaq"
ig_NG,"Igbo (Nigeria)"
sq,"Albanian"
fo_FO,"Faroese (Faroe Islands)"
sr,"Serbian"
tzm,"Central Atlas Tamazight"
ga,"Irish"
om,"Oromo"
en_LT,"English (Lithuania)"
bas_CM,"Basaa (Cameroon)"
se_NO,"Northern Sami (Norway)"
ki,"Kikuyu"
nl_BE,"Dutch (Belgium)"
ar_QA,"Arabic (Qatar)"
gd,"Scottish Gaelic"
sv,"Swedish"
kk,"Kazakh"
sw,"Swahili"
es_CO,"Spanish (Colombia)"
az_Latn_AZ,"Azerbaijani (Latin, Azerbaijan)"
rn_BI,"Rundi (Burundi)"
or,"Oriya"
kl,"Kalaallisut"
ca,"Catalan"
en_VI,"English (U.S. Virgin Islands)"
km,"Khmer"
os,"Ossetic"
en_MY,"English (Malaysia)"
kn,"Kannada"
en_LU,"English (Luxembourg)"
fr_SY,"French (Syria)"
ar_TN,"Arabic (Tunisia)"
en_JM,"English (Jamaica)"
fr_PM,"French (St. Pierre & Miquelon)"
ko,"Korean"
fr_NE,"French (Niger)"
fr_MA,"French (Morocco)"
gl,"Galician"
ru_MD,"Russian (Moldova)"
saq_KE,"Samburu (Kenya)"
ks,"Kashmiri"
fr_CM,"French (Cameroon)"
lb_LU,"Luxembourgish (Luxembourg)"
gv_IM,"Manx (Isle of Man)"
fr_BI,"French (Burundi)"
en_LV,"English (Latvia)"
ks_Arab_IN,"Kashmiri (Arabic, India)"
es_NI,"Spanish (Nicaragua)"
en_GB,"English (United Kingdom)"
kw,"Cornish"
nl_SX,"Dutch (Sint Maarten)"
dav_KE,"Taita (Kenya)"
tr_CY,"Turkish (Cyprus)"
ky,"Kyrgyz"
en_UG,"English (Uganda)"
nus_SD,"Nuer (Sudan)"
en_TC,"English (Turks & Caicos Islands)"
tzm_Latn,"Central Atlas Tamazight (Latin)"
ar_EG,"Arabic (Egypt)"
fr_BJ,"French (Benin)"
gu,"Gujarati"
es_PR,"Spanish (Puerto Rico)"
fr_RW,"French (Rwanda)"
sr_Cyrl_BA,"Serbian (Cyrillic, Bosnia & Herzegovina)"
gv,"Manx"
fr_MC,"French (Monaco)"
cs,"Czech"
bez_TZ,"Bena (Tanzania)"
es_CR,"Spanish (Costa Rica)"
asa_TZ,"Asu (Tanzania)"
ar_EH,"Arabic (Western Sahara)"
ms_Arab_BN,"Malay (Arabic, Brunei)"
mn_Cyrl,"Mongolian (Cyrillic)"
sbp_TZ,"Sangu (Tanzania)"
en_IL,"English (Israel)"
ha_Latn_NE,"Hausa (Latin, Niger)"
lt_LT,"Lithuanian (Lithuania)"
mfe,"Morisyen"
en_GD,"English (Grenada)"
cy,"Welsh"
ca_FR,"Catalan (France)"
es_BO,"Spanish (Bolivia)"
fr_BL,"French (St. Barthélemy)"
bn_IN,"Bengali (India)"
uz_Cyrl_UZ,"Uzbek (Cyrillic, Uzbekistan)"
az_Cyrl,"Azerbaijani (Cyrillic)"
en_IM,"English (Isle of Man)"
sw_KE,"Swahili (Kenya)"
en_SB,"English (Solomon Islands)"
pa_Arab,"Punjabi (Arabic)"
ur_PK,"Urdu (Pakistan)"
haw_US,"Hawaiian (United States)"
ar_SO,"Arabic (Somalia)"
en_IN,"English (India)"
ha_Latn,"Hausa (Latin)"
fil,"Filipino"
fr_MF,"French (St. Martin)"
en_WS,"English (Samoa)"
es_CU,"Spanish (Cuba)"
ja_JP,"Japanese (Japan)"
fy_NL,"Western Frisian (Netherlands)"
en_SC,"English (Seychelles)"
en_IO,"English (British Indian Ocean Territory)"
pt_PT,"Portuguese (Portugal)"
en_HK,"English (Hong Kong SAR China)"
en_GG,"English (Guernsey)"
fr_MG,"French (Madagascar)"
de_LU,"German (Luxembourg)"
ms_Latn_MY,"Malay (Latin, Malaysia)"
tg_Cyrl,"Tajik (Cyrillic)"
en_SD,"English (Sudan)"
shi_Tfng,"Tachelhit (Tifinagh)"
ln_AO,"Lingala (Angola)"
ug_Arab_CN,"Uyghur (Arabic, China)"
as_IN,"Assamese (India)"
en_GH,"English (Ghana)"
ro_RO,"Romanian (Romania)"
jgo_CM,"Ngomba (Cameroon)"
dua,"Duala"
en_UM,"English (U.S. Outlying Islands)"
en_SE,"English (Sweden)"
kn_IN,"Kannada (India)"
en_KY,"English (Cayman Islands)"
vun_TZ,"Vunjo (Tanzania)"
kln,"Kalenjin"
en_GI,"English (Gibraltar)"
ca_ES,"Catalan (Spain)"
rof,"Rombo"
pt_CV,"Portuguese (Cape Verde)"
kok,"Konkani"
pt_BR,"Portuguese (Brazil)"
ar_DJ,"Arabic (Djibouti)"
yi_001,"Yiddish (World)"
fi_FI,"Finnish (Finland)"
tg_Cyrl_TJ,"Tajik (Cyrillic, Tajikistan)"
zh,"Chinese"
es_PY,"Spanish (Paraguay)"
ar_SS,"Arabic (South Sudan)"
mua,"Mundang"
sr_Cyrl_ME,"Serbian (Cyrillic, Montenegro)"
vai_Vaii_LR,"Vai (Vai, Liberia)"
en_001,"English (World)"
nl_NL,"Dutch (Netherlands)"
en_TK,"English (Tokelau)"
si_LK,"Sinhala (Sri Lanka)"
en_SG,"English (Singapore)"
sv_SE,"Swedish (Sweden)"
fr_DZ,"French (Algeria)"
ca_AD,"Catalan (Andorra)"
pt_AO,"Portuguese (Angola)"
vi,"Vietnamese"
xog_UG,"Soga (Uganda)"
xog,"Soga"
en_IS,"English (Iceland)"
nb,"Norwegian Bokmål"
seh_MZ,"Sena (Mozambique)"
es_AR,"Spanish (Argentina)"
sk_SK,"Slovak (Slovakia)"
en_SH,"English (St. Helena)"
ti_ER,"Tigrinya (Eritrea)"
nd,"North Ndebele"
az_Cyrl_AZ,"Azerbaijani (Cyrillic, Azerbaijan)"
zu,"Zulu"
ne,"Nepali"
nd_ZW,"North Ndebele (Zimbabwe)"
el_CY,"Greek (Cyprus)"
en_IT,"English (Italy)"
nl_BQ,"Dutch (Caribbean Netherlands)"
da_GL,"Danish (Greenland)"
ja,"Japanese"
rm,"Romansh"
fr_ML,"French (Mali)"
rn,"Rundi"
en_VU,"English (Vanuatu)"
rof_TZ,"Rombo (Tanzania)"
ro,"Romanian"
ebu_KE,"Embu (Kenya)"
ru_KG,"Russian (Kyrgyzstan)"
en_SI,"English (Slovenia)"
sg_CF,"Sango (Central African Republic)"
mfe_MU,"Morisyen (Mauritius)"
nl,"Dutch"
brx,"Bodo"
bs_Latn,"Bosnian (Latin)"
fa,"Persian"
zgh_MA,"Standard Moroccan Tamazight (Morocco)"
en_GM,"English (Gambia)"
shi_Latn,"Tachelhit (Latin)"
en_FI,"English (Finland)"
nn,"Norwegian Nynorsk"
en_EE,"English (Estonia)"
ru,"Russian"
kam_KE,"Kamba (Kenya)"
fur,"Friulian"
vai_Vaii,"Vai (Vai)"
ar_ER,"Arabic (Eritrea)"
ti_ET,"Tigrinya (Ethiopia)"
rw,"Kinyarwanda"
ff,"Fulah"
luo,"Luo"
fa_AF,"Persian (Afghanistan)"
ha_Latn_NG,"Hausa (Latin, Nigeria)"
nl_CW,"Dutch (Curaçao)"
en_HR,"English (Croatia)"
en_FJ,"English (Fiji)"
fi,"Finnish"
pt_MO,"Portuguese (Macau SAR China)"
be,"Belarusian"
en_US,"English (United States)"
en_TO,"English (Tonga)"
en_SK,"English (Slovakia)"
bg,"Bulgarian"
ru_BY,"Russian (Belarus)"
it_IT,"Italian (Italy)"
ml_IN,"Malayalam (India)"
gsw_CH,"Swiss German (Switzerland)"
qu_EC,"Quechua (Ecuador)"
fo,"Faroese"
sv_FI,"Swedish (Finland)"
en_FK,"English (Falkland Islands)"
nus,"Nuer"
ta_LK,"Tamil (Sri Lanka)"
vun,"Vunjo"
sr_Latn,"Serbian (Latin)"
fr,"French"
en_SL,"English (Sierra Leone)"
bm,"Bambara"
ar_BH,"Arabic (Bahrain)"
guz,"Gusii"
bn,"Bengali"
bo,"Tibetan"
ar_SY,"Arabic (Syria)"
lo_LA,"Lao (Laos)"
ne_NP,"Nepali (Nepal)"
uz_Latn,"Uzbek (Latin)"
be_BY,"Belarusian (Belarus)"
es_IC,"Spanish (Canary Islands)"
sr_Latn_XK,"Serbian (Latin, Kosovo)"
ar_MA,"Arabic (Morocco)"
pa_Guru_IN,"Punjabi (Gurmukhi, India)"
br,"Breton"
luy,"Luyia"
kde_TZ,"Makonde (Tanzania)"
bs,"Bosnian"
fy,"Western Frisian"
fur_IT,"Friulian (Italy)"
hu_HU,"Hungarian (Hungary)"
ar_AE,"Arabic (United Arab Emirates)"
en_HU,"English (Hungary)"
sah_RU,"Sakha (Russia)"
zh_Hans,"Chinese (Simplified)"
en_FM,"English (Micronesia)"
sq_AL,"Albanian (Albania)"
ko_KP,"Korean (North Korea)"
en_150,"English (Europe)"
en_DE,"English (Germany)"
fr_MQ,"French (Martinique)"
en_CA,"English (Canada)"
hsb_DE,"Upper Sorbian (Germany)"
en_TR,"English (Turkey)"
ro_MD,"Romanian (Moldova)"
es_VE,"Spanish (Venezuela)"
fr_WF,"French (Wallis & Futuna)"
mt_MT,"Maltese (Malta)"
kab,"Kabyle"
nmg_CM,"Kwasio (Cameroon)"
en_GR,"English (Greece)"
ru_UA,"Russian (Ukraine)"
fr_MR,"French (Mauritania)"
tk_Latn_TM,"Turkmen (Latin, Turkmenistan)"
zh_Hans_MO,"Chinese (Simplified, Macau SAR China)"
mn_Cyrl_MN,"Mongolian (Cyrillic, Mongolia)"
ff_GN,"Fulah (Guinea)"
bs_Cyrl,"Bosnian (Cyrillic)"
sw_UG,"Swahili (Uganda)"
ko_KR,"Korean (South Korea)"
en_DG,"English (Diego Garcia)"
bo_IN,"Tibetan (India)"
en_CC,"English (Cocos [Keeling] Islands)"
shi_Tfng_MA,"Tachelhit (Tifinagh, Morocco)"
lag,"Langi"
it_SM,"Italian (San Marino)"
os_RU,"Ossetic (Russia)"
en_TT,"English (Trinidad & Tobago)"
ms_Arab_MY,"Malay (Arabic, Malaysia)"
sq_MK,"Albanian (Macedonia)"
ms_Latn,"Malay (Latin)"
bem_ZM,"Bemba (Zambia)"
kde,"Makonde"
ar_OM,"Arabic (Oman)"
cgg,"Chiga"
bas,"Basaa"
bm_Latn_ML,"Bambara (Latin, Mali)"
kam,"Kamba"
es_MX,"Spanish (Mexico)"
sah,"Sakha"
wae,"Walser"
en_GU,"English (Guam)"
zh_Hant,"Chinese (Traditional)"
fr_MU,"French (Mauritius)"
fr_KM,"French (Comoros)"
ar_LB,"Arabic (Lebanon)"
en_BA,"English (Bosnia & Herzegovina)"
en_TV,"English (Tuvalu)"
sr_Cyrl,"Serbian (Cyrillic)"
dje,"Zarma"
kab_DZ,"Kabyle (Algeria)"
fil_PH,"Filipino (Philippines)"
se_SE,"Northern Sami (Sweden)"
vai,"Vai"
hr_HR,"Croatian (Croatia)"
bs_Latn_BA,"Bosnian (Latin, Bosnia & Herzegovina)"
nl_AW,"Dutch (Aruba)"
dav,"Taita"
so_SO,"Somali (Somalia)"
ar_PS,"Arabic (Palestinian Territories)"
en_FR,"English (France)"
uz_Cyrl,"Uzbek (Cyrillic)"
ff_SN,"Fulah (Senegal)"
en_BB,"English (Barbados)"
ki_KE,"Kikuyu (Kenya)"
naq,"Nama"
en_SS,"English (South Sudan)"
mg_MG,"Malagasy (Madagascar)"
mas_KE,"Masai (Kenya)"
en_RO,"English (Romania)"
en_PG,"English (Papua New Guinea)"
mgh,"Makhuwa_Meetto"
dyo_SN,"Jola_Fonyi (Senegal)"
mas,"Masai"
agq,"Aghem"
bn_BD,"Bengali (Bangladesh)"
haw,"Hawaiian"
yi,"Yiddish"
nb_NO,"Norwegian Bokmål (Norway)"
da_DK,"Danish (Denmark)"
en_DK,"English (Denmark)"
saq,"Samburu"
ug,"Uyghur"
cy_GB,"Welsh (United Kingdom)"
fr_YT,"French (Mayotte)"
jmc,"Machame"
ses_ML,"Koyraboro Senni (Mali)"
en_PH,"English (Philippines)"
de_DE,"German (Germany)"
ar_YE,"Arabic (Yemen)"
yo,"Yoruba"
lkt_US,"Lakota (United States)"
uz_Arab_AF,"Uzbek (Arabic, Afghanistan)"
jgo,"Ngomba"
sl_SI,"Slovenian (Slovenia)"
uk,"Ukrainian"
en_CH,"English (Switzerland)"
asa,"Asu"
lg_UG,"Ganda (Uganda)"
qu_PE,"Quechua (Peru)"
mgo,"Metaʼ"
id_ID,"Indonesian (Indonesia)"
en_NA,"English (Namibia)"
en_GY,"English (Guyana)"
zgh,"Standard Moroccan Tamazight"
pt_MZ,"Portuguese (Mozambique)"
fr_LU,"French (Luxembourg)"
kk_Cyrl,"Kazakh (Cyrillic)"
mas_TZ,"Masai (Tanzania)"
en_DM,"English (Dominica)"
ta_MY,"Tamil (Malaysia)"
dsb,"Lower Sorbian"
en_BE,"English (Belgium)"
mg,"Malagasy"
ur,"Urdu"
fr_GA,"French (Gabon)"
ka_GE,"Georgian (Georgia)"
nmg,"Kwasio"
en_TZ,"English (Tanzania)"
eu_ES,"Basque (Spain)"
ar_DZ,"Arabic (Algeria)"
id,"Indonesian"
so_DJ,"Somali (Djibouti)"
hsb,"Upper Sorbian"
yav,"Yangben"
mk,"Macedonian"
pa_Arab_PK,"Punjabi (Arabic, Pakistan)"
ml,"Malayalam"
en_ER,"English (Eritrea)"
ig,"Igbo"
se_FI,"Northern Sami (Finland)"
mn,"Mongolian"
ksb,"Shambala"
uz,"Uzbek"
vi_VN,"Vietnamese (Vietnam)"
ii,"Sichuan Yi"
qu,"Quechua"
en_PK,"English (Pakistan)"
ee,"Ewe"
mr,"Marathi"
ms,"Malay"
en_ES,"English (Spain)"
sq_XK,"Albanian (Kosovo)"
it_CH,"Italian (Switzerland)"
mt,"Maltese"
en_CK,"English (Cook Islands)"
br_FR,"Breton (France)"
sr_Cyrl_XK,"Serbian (Cyrillic, Kosovo)"
ksf,"Bafia"
en_SX,"English (Sint Maarten)"
bg_BG,"Bulgarian (Bulgaria)"
en_PL,"English (Poland)"
af,"Afrikaans"
el,"Greek"
cs_CZ,"Czech (Czech Republic)"
fr_TD,"French (Chad)"
zh_Hans_HK,"Chinese (Simplified, Hong Kong SAR China)"
is,"Icelandic"
ksh,"Colognian"
my,"Burmese"
en,"English"
it,"Italian"
dsb_DE,"Lower Sorbian (Germany)"
ii_CN,"Sichuan Yi (China)"
smn,"Inari Sami"
iu,"Inuktitut"
eo,"Esperanto"
en_ZA,"English (South Africa)"
en_AD,"English (Andorra)"
ak,"Akan"
en_RU,"English (Russia)"
kkj_CM,"Kako (Cameroon)"
am,"Amharic"
es,"Spanish"
et,"Estonian"
uk_UA,"Ukrainian (Ukraine)"